{
    "name": "StripeRecurring",
    "alias": "striperecurring",
    "display_name": "Stripe Recurring",
    "version": "1.0.0",
    "gateway": true,
    "recurring": true,
    "online": true,
    "description": "You are required to configure the webhook. The webhook link is http://your_domain_name/gateway/pay/striperecurring/payment_webhook. Ensure that the 'invoice.payment_succeeded' event is enabled.",
    "keywords": [],
    "priority": 0,
    "providers": [],
    "files": []
}
